company_name|town|country|institution_type|review|trust_score|five_star_%
Evergreen Credit Union|Portland| United States|ATM|317|4.9|96%
Liberty First Credit Union|Lincoln| United States|Car Finance and Loan Company|290|4.7|92%
GoHenry by Acorns|Irvine| United States|Non-Bank Financial Service|3,173|4.3|66%
Crypto Dispensers|Chicago| United States|Money Transfer Service|169|3.9|60%
Swadesh|San Francisco| United States|Financial Institution|10|4.4|100%
The Payment HQ|San Diego | United States|Business to Business Service|4|4.0|100%
Meriwest Credit Union|San Jose| United States|Debt Relief Service|9|3.8|67%
ASDFTEST|NA|NA|ATM||3.7|100%
WPC Merchant Services & Credit Card Processing|Roxbury| United States|ATM||3.7|100%
Slide2Thrive|Bronx| United States|ATM||NA|0%
Coinhub Bitcoin ATM|Las Vegas| United States|Cryptocurrency Service|6|3.3|16%
Cash Express|Cookeville| United States|Alternative Financial Service|16|3.2|37%
cryptobaseatm.com|NA|NA|ATM|3|3.2|67%
Heritage Valley Federal Credit Union|NA|NA|Mortgage Lender|12|2.9|76%
PNC Bank|Pittsburgh| United States|ATM|1,149|1.3|5%
Covault|NA|NA|Cryptocurrency Service||NA|0%
Acme ATM|Dania Beach| United States|ATM||NA|0%
ATM Together|San Diego| United States|ATM||NA|0%
Nationwide Payment Systems|Fort Lauderdale| United States|Eftpos Equipment Supplier||NA|0%
Kryptominerstech|Laredo| United States|ATM||NA|0%
NA|NA|NA|nan||NA|0%
