Nom,TrustScore,Reviews,Emplacement
Evergreen Credit Union,4.8,347 reviews,"Portland, United States"
Liberty First Credit Union,4.8,325 reviews,"Lincoln, United States"
Crypto Dispensers,4.1,241 reviews,"Chicago, United States"
VapeTM,4.6,21 reviews,"Cleveland, United States"
Anytime Capital,4.4,15 reviews,"Atlanta, United States"
Swadesh,4.4,10 reviews,"San Francisco, United States"
The Payment HQ,4.0,4 reviews,"San Diego , United States"
Meriwest Credit Union,3.8,9 reviews,"San Jose, United States"
Coinhub Bitcoin ATM,3.7,8 reviews,"Las Vegas, United States"
ASDFTEST,3.7,1 review,NA
ATM Together,3.7,1 review,"San Diego, United States"
WPC Merchant Services & Credit Card Processing,3.7,1 review,"Roxbury, United States"
Netspend Corporation,3.4,7 reviews,NA
Battlebit,3.2,1 review,NA
Heritage Valley Federal Credit Union,2.9,12 reviews,NA
Members 1st Federal Credit Union,2.9,3 reviews,NA
Pactin,2.9,2 reviews,NA
Rockland Trust,2.8,7 reviews,NA
Cash Express,2.7,23 reviews,"Cookeville, United States"
cryptobaseatm.com,2.7,4 reviews,NA
